{"cameraMode":{"drawMode":0,"name":"Shaded","section":"Shading Mode"},"sceneLighting":true,"audioPlay":false,"sceneViewState":{"showFog":true,"showMaterialUpdate":false,"showSkybox":true,"showFlares":true,"showImageEffects":true,"showParticleSystems":true},"in2DMode":false,"pivot":{"x":2.941408157348633,"y":4.567623138427734,"z":-175.58346557617188},"rotation":{"x":-0.09498228877782822,"y":0.6589983701705933,"z":-0.08456524461507797,"w":-0.7415224313735962},"size":8.24254035949707,"orthographic":false}