{"cameraMode":{"drawMode":0,"name":"Shaded","section":"Shading Mode"},"sceneLighting":false,"audioPlay":false,"sceneViewState":{"showFog":true,"showMaterialUpdate":false,"showSkybox":false,"showFlares":true,"showImageEffects":true,"showParticleSystems":true},"in2DMode":false,"pivot":{"x":-0.6399993896484375,"y":1.000000238418579,"z":8.59000015258789},"rotation":{"x":0.5242459177970886,"y":0.020432954654097558,"z":-0.012583432719111443,"w":0.8512400984764099},"size":20.11219024658203,"orthographic":false}