{"cameraMode":{"drawMode":0,"name":"Shaded","section":"Shading Mode"},"sceneLighting":true,"audioPlay":false,"sceneViewState":{"showFog":true,"showMaterialUpdate":false,"showSkybox":true,"showFlares":true,"showImageEffects":true,"showParticleSystems":true},"in2DMode":false,"pivot":{"x":0.2452009916305542,"y":0.7840943336486816,"z":-250.12744140625},"rotation":{"x":0.07352156937122345,"y":-0.6650950312614441,"z":0.066060371696949,"w":0.7402040958404541},"size":1.5273414850234986,"orthographic":false}