{"cameraMode":{"drawMode":0,"name":"Shaded","section":"Shading Mode"},"sceneLighting":false,"audioPlay":false,"sceneViewState":{"showFog":true,"showMaterialUpdate":false,"showSkybox":false,"showFlares":true,"showImageEffects":true,"showParticleSystems":true},"in2DMode":false,"pivot":{"x":345.8948059082031,"y":73.81968688964844,"z":247.47850036621095},"rotation":{"x":-0.07274248450994492,"y":-0.9177173376083374,"z":0.33635881543159487,"w":-0.19851236045360566},"size":186.2517547607422,"orthographic":false}