{"cameraMode":{"drawMode":0,"name":"Shaded","section":"Shading Mode"},"sceneLighting":false,"audioPlay":false,"sceneViewState":{"showFog":true,"showMaterialUpdate":false,"showSkybox":false,"showFlares":true,"showImageEffects":true,"showParticleSystems":true},"in2DMode":false,"pivot":{"x":-15.218457221984864,"y":12.659841537475586,"z":0.0011651106178760529},"rotation":{"x":-0.1809304654598236,"y":-0.6777118444442749,"z":0.17745523154735566,"w":-0.6903865933418274},"size":13.435568809509278,"orthographic":false}