{"cameraMode":{"drawMode":0,"name":"Shaded","section":"Shading Mode"},"sceneLighting":true,"audioPlay":false,"sceneViewState":{"showFog":true,"showMaterialUpdate":false,"showSkybox":true,"showFlares":true,"showImageEffects":true,"showParticleSystems":true},"in2DMode":false,"pivot":{"x":-6.783430576324463,"y":2.2291066646575929,"z":161.3605499267578},"rotation":{"x":0.38541528582572939,"y":-0.5953435301780701,"z":0.3912447988986969,"w":0.586479902267456},"size":56.52471923828125,"orthographic":false}