{"cameraMode":{"drawMode":0,"name":"Shaded","section":"Shading Mode"},"sceneLighting":false,"audioPlay":false,"sceneViewState":{"showFog":true,"showMaterialUpdate":false,"showSkybox":false,"showFlares":true,"showImageEffects":true,"showParticleSystems":true},"in2DMode":false,"pivot":{"x":2.3590927124023439,"y":13.5,"z":-7.063697814941406},"rotation":{"x":0.2411244511604309,"y":-0.07154220342636109,"z":0.017852719873189927,"w":0.9677137732505798},"size":50.06495666503906,"orthographic":false}