{"cameraMode":{"drawMode":0,"name":"Shaded","section":"Shading Mode"},"sceneLighting":false,"audioPlay":false,"sceneViewState":{"showFog":true,"showMaterialUpdate":false,"showSkybox":false,"showFlares":true,"showImageEffects":true,"showParticleSystems":true},"in2DMode":false,"pivot":{"x":10.30535888671875,"y":-110.0,"z":30.629470825195314},"rotation":{"x":0.15802282094955445,"y":0.0189809612929821,"z":-0.0028132200241088869,"w":0.9873336553573608},"size":259.6854248046875,"orthographic":false}