{"cameraMode":{"drawMode":0,"name":"Shaded","section":"Shading Mode"},"sceneLighting":false,"audioPlay":false,"sceneViewState":{"showFog":true,"showMaterialUpdate":false,"showSkybox":false,"showFlares":true,"showImageEffects":true,"showParticleSystems":true},"in2DMode":false,"pivot":{"x":0.014662981033325196,"y":0.9769995808601379,"z":-0.00014331936836242676},"rotation":{"x":0.38541528582572939,"y":-0.5953435301780701,"z":0.3912447988986969,"w":0.586479902267456},"size":0.5753147006034851,"orthographic":false}